Région,District Sanitaire,NOMBRE DE DISTRICTS SANITAIRES VISITES,NOM DES STRUCTURES SANITAIRES CIBLES,Valeurs,Nb Conventions Signées,Nb Conventions Non Signées,Part Structures Ciblées,Part Conventions Signées,Part Conventions Non Signées
SAINT-LOUIS,Saint-Louis,1,Centre de Santé de Saint-louis,1.0,1.0,0.0,8.333333333333334,8.333333333333334,0.0
SAINT-LOUIS,Saint-Louis,--,Poste de santé Diamaguene,1.0,1.0,0.0,8.333333333333334,8.333333333333334,0.0
SAINT-LOUIS,Saint-Louis,--,Poste de santé de Khor ,1.0,1.0,0.0,8.333333333333334,8.333333333333334,0.0
SAINT-LOUIS,Saint-Louis,--,Poste de santé de Ngalléle,1.0,1.0,0.0,8.333333333333334,8.333333333333334,0.0
SAINT-LOUIS,Saint-Louis,--,Poste de santé de Sor ,1.0,1.0,0.0,8.333333333333334,8.333333333333334,0.0
SAINT-LOUIS,Saint-Louis,--,Centre de Santé Ross Béthio,1.0,1.0,0.0,8.333333333333334,8.333333333333334,0.0
SAINT-LOUIS,Saint-Louis,--,Poste de santé Guét ndar,1.0,1.0,0.0,8.333333333333334,8.333333333333334,0.0
SAINT-LOUIS,Saint-Louis,--,Poste de santé Goxu mbacc,1.0,1.0,0.0,8.333333333333334,8.333333333333334,0.0
SAINT-LOUIS,Saint-Louis,--,Poste de santé de Sor DAGA,1.0,1.0,0.0,8.333333333333334,8.333333333333334,0.0
SAINT-LOUIS,Saint-Louis,--,Poste de santé de Pikine ,1.0,1.0,0.0,8.333333333333334,8.333333333333334,0.0
SAINT-LOUIS,Saint-Louis,--,Poste de santé de Rao,1.0,1.0,0.0,8.333333333333334,8.333333333333334,0.0
SAINT-LOUIS,Saint-Louis,--,Poste de santé de Mpal,1.0,1.0,0.0,8.333333333333334,8.333333333333334,0.0
SAINT-LOUIS,Richard Told,1,Poste de santé Rosso Sénégal 1,1.0,1.0,0.0,14.285714285714286,14.285714285714286,0.0
SAINT-LOUIS,Richard Told,--,Poste de santé Rosso Sénégal 2,1.0,1.0,0.0,14.285714285714286,14.285714285714286,0.0
SAINT-LOUIS,Richard Told,--,EPS Richard Toll  ,1.0,1.0,0.0,14.285714285714286,14.285714285714286,0.0
SAINT-LOUIS,Richard Told,--,Centre de santé Richard Toll ,1.0,1.0,0.0,14.285714285714286,14.285714285714286,0.0
SAINT-LOUIS,Richard Told,--,Poste de santé Croix rouge,1.0,1.0,0.0,14.285714285714286,14.285714285714286,0.0
SAINT-LOUIS,Richard Told,--,Poste de santé Thiabakh,1.0,1.0,0.0,14.285714285714286,14.285714285714286,0.0
SAINT-LOUIS,Richard Told,--,Poste de santé Khouma,1.0,1.0,0.0,14.285714285714286,14.285714285714286,0.0
SAINT-LOUIS,DAGANA,1,Centre de santé Dagana,1.0,1.0,0.0,33.333333333333336,33.333333333333336,0.0
SAINT-LOUIS,DAGANA,--,Poste de santé secteur 4 et 5,1.0,1.0,0.0,33.333333333333336,33.333333333333336,0.0
SAINT-LOUIS,DAGANA,--,Poste de santé Santhiaba,1.0,1.0,0.0,33.333333333333336,33.333333333333336,0.0
SAINT-LOUIS,PODOR,1,Poste de santé Donaye Tarédji,1.0,0.0,1.0,20.0,0.0,20.0
SAINT-LOUIS,PODOR,--,Poste de santé Urbain de Podor,1.0,1.0,0.0,20.0,20.0,0.0
SAINT-LOUIS,PODOR,--,Centre de santé de Podor,1.0,1.0,0.0,20.0,20.0,0.0
SAINT-LOUIS,PODOR,--,Poste de santé Ndioum,1.0,1.0,0.0,20.0,20.0,0.0
SAINT-LOUIS,PODOR,--,Hopital régional de Ndioum,1.0,0.0,1.0,20.0,0.0,20.0
SAINT-LOUIS,PETE,1,Poste de santé Médina Ndiathbé ,1.0,1.0,0.0,25.0,25.0,0.0
SAINT-LOUIS,PETE,--,Poste de santé de Aéro Lao,1.0,1.0,0.0,25.0,25.0,0.0
SAINT-LOUIS,PETE,--,Poste de santé Golléré,1.0,1.0,0.0,25.0,25.0,0.0
SAINT-LOUIS,PETE,--,Poste de santé Galloya,1.0,1.0,0.0,25.0,25.0,0.0
THIES,Thiés,1,EPS Saint Jean de Dieu,1.0,1.0,0.0,8.333333333333334,8.333333333333334,0.0
THIES,Thiés,--,Centre de santé Keur Mame El hadji de Thiès,1.0,0.0,1.0,8.333333333333334,0.0,8.333333333333334
THIES,Thiés,--,Centre de santé secondaire El.Mouniroun Ndiéguéne ,1.0,1.0,0.0,8.333333333333334,8.333333333333334,0.0
THIES,Thiés,--,Poste de santé hersent,1.0,1.0,0.0,8.333333333333334,8.333333333333334,0.0
THIES,Thiés,--,Poste de santé Mbour 1,1.0,1.0,0.0,8.333333333333334,8.333333333333334,0.0
THIES,Thiés,--,Poste de santé Mbour 2,1.0,1.0,0.0,8.333333333333334,8.333333333333334,0.0
THIES,Thiés,--,Poste de santé Parcelle unité 1,1.0,1.0,0.0,8.333333333333334,8.333333333333334,0.0
THIES,Thiés,--,Poste de santé Médina Fall 1,1.0,0.0,1.0,8.333333333333334,0.0,8.333333333333334
THIES,Thiés,--,Poste de santé Médina Fall 2,1.0,1.0,0.0,8.333333333333334,8.333333333333334,0.0
THIES,Thiés,--,Poste de santé Mor Talla Fall ,1.0,1.0,0.0,8.333333333333334,8.333333333333334,0.0
THIES,Thiés,--,Poste de santé Grand Thies,1.0,1.0,0.0,8.333333333333334,8.333333333333334,0.0
THIES,Thiés,--,Poste de santé Cité Niakh,1.0,1.0,0.0,8.333333333333334,8.333333333333334,0.0
THIES,Mbour,1,Centre de santé de Mbour Tefess,1.0,1.0,0.0,16.666666666666668,16.666666666666668,0.0
THIES,Mbour,--,Poste de santé Malikounda Bambara,1.0,1.0,0.0,16.666666666666668,16.666666666666668,0.0
THIES,Mbour,--,Poste de santé Somone,1.0,1.0,0.0,16.666666666666668,16.666666666666668,0.0
THIES,Mbour,--,Poste de santé Ngaparou 1,1.0,1.0,0.0,16.666666666666668,16.666666666666668,0.0
THIES,Mbour,--,Poste de santé de Saly Tape,1.0,1.0,0.0,16.666666666666668,16.666666666666668,0.0
THIES,Mbour,--,Poste de santé Grand Mbour,1.0,1.0,0.0,16.666666666666668,16.666666666666668,0.0
THIES,Tivaouane,1,EPS Mame Abdou Aziz SY de Tivaouane,1.0,1.0,0.0,16.666666666666668,16.666666666666668,0.0
THIES,Tivaouane,--,Poste de santé de Mboro I,1.0,1.0,0.0,16.666666666666668,16.666666666666668,0.0
THIES,Tivaouane,--,Poste de santé de Mboro II,1.0,1.0,0.0,16.666666666666668,16.666666666666668,0.0
THIES,Tivaouane,--,Poste de santé Fass Boye,1.0,1.0,0.0,16.666666666666668,16.666666666666668,0.0
THIES,Tivaouane,--,Poste de santé Taiba Ndiaye,1.0,1.0,0.0,16.666666666666668,16.666666666666668,0.0
THIES,Tivaouane,--,Poste de santé Notto Gouye Diana,1.0,1.0,0.0,16.666666666666668,16.666666666666668,0.0
THIES,Joal,1,Centre de santé Joal,1.0,1.0,0.0,33.333333333333336,33.333333333333336,0.0
THIES,Joal,--,Poste de santé Fadiouth,1.0,1.0,0.0,33.333333333333336,33.333333333333336,0.0
THIES,Joal,--,Poste de santé Caritasse,1.0,1.0,0.0,33.333333333333336,33.333333333333336,0.0
THIES,Popenguine,1,Centre de Santé de Popenguine,1.0,1.0,0.0,100.0,100.0,0.0
THIES,Mbékhé,1,Centre de Santé de Mbékhé,1.0,0.0,1.0,33.333333333333336,0.0,33.333333333333336
THIES,Mbékhé,--,Poste de santé de Médina Dakha,1.0,0.0,1.0,33.333333333333336,0.0,33.333333333333336
THIES,Mbékhé,--,Poste de Santé de Kelle,1.0,0.0,1.0,33.333333333333336,0.0,33.333333333333336
THIES,Khombole,1,Centre de santé de Khombole,1.0,1.0,0.0,100.0,100.0,0.0
THIES,Thiadiaye,1,Centre de santé de Thiadiaye,1.0,1.0,0.0,33.333333333333336,33.333333333333336,0.0
THIES,Thiadiaye,--,Poste de santé de Sandiara,1.0,1.0,0.0,33.333333333333336,33.333333333333336,0.0
THIES,Thiadiaye,--,Poste de santé de Ndiaganiao,1.0,1.0,0.0,33.333333333333336,33.333333333333336,0.0
THIES,Pout,1,Centre de santé de Pout,1.0,1.0,0.0,50.0,50.0,0.0
THIES,Pout,--,Poste de santé de Bayak,1.0,0.0,1.0,50.0,0.0,50.0
MATAM,Matam,1,Centre de santé de Matam,1.0,1.0,0.0,5.555555555555555,5.555555555555555,0.0
MATAM,Matam,--,Poste de santé de Boinadji,1.0,0.0,1.0,5.555555555555555,0.0,5.555555555555555
MATAM,Matam,--,Poste de santé Bokidiawé 1,1.0,1.0,0.0,5.555555555555555,5.555555555555555,0.0
MATAM,Matam,--,Poste de santé de Soubalo,1.0,0.0,1.0,5.555555555555555,0.0,5.555555555555555
MATAM,Matam,--,Poste de santé de Diamel,1.0,0.0,1.0,5.555555555555555,0.0,5.555555555555555
MATAM,Matam,--,Poste de santé de Doumga ouro Alpha,1.0,0.0,1.0,5.555555555555555,0.0,5.555555555555555
MATAM,Matam,--,Poste de santé Fété Niébé,1.0,0.0,1.0,5.555555555555555,0.0,5.555555555555555
MATAM,Matam,--,Poste de santé de Nabadji,1.0,0.0,1.0,5.555555555555555,0.0,5.555555555555555
MATAM,Matam,--,Poste de santé de Nguidjilone ,1.0,0.0,1.0,5.555555555555555,0.0,5.555555555555555
MATAM,Matam,--,Poste de santé de Ogo,1.0,0.0,1.0,5.555555555555555,0.0,5.555555555555555
MATAM,Matam,--,Poste de santé de Ourossogui,1.0,1.0,0.0,5.555555555555555,5.555555555555555,0.0
MATAM,Matam,--,Poste de santé de Sedo Sébé,1.0,1.0,0.0,5.555555555555555,5.555555555555555,0.0
MATAM,Matam,--,Poste de santé de Sinthiou Garba,1.0,1.0,0.0,5.555555555555555,5.555555555555555,0.0
MATAM,Matam,--,Poste de santé de Taiba,1.0,0.0,1.0,5.555555555555555,0.0,5.555555555555555
MATAM,Matam,--,Poste de santé de Ndiamel,1.0,0.0,1.0,5.555555555555555,0.0,5.555555555555555
MATAM,Matam,--,Poste de santé de Thiaréne,1.0,0.0,1.0,5.555555555555555,0.0,5.555555555555555
MATAM,Matam,--,Poste de santé  Navel,1.0,1.0,0.0,5.555555555555555,5.555555555555555,0.0
MATAM,Thilogne,1,Centre de Santé de Thilogne,1.0,1.0,0.0,11.11111111111111,11.11111111111111,0.0
MATAM,Thilogne,--,Hopital Abdoul Cissé KANE des Agnam,1.0,1.0,0.0,11.11111111111111,11.11111111111111,0.0
MATAM,Thilogne,--,Poste de santé de Agnam Civol,1.0,1.0,0.0,11.11111111111111,11.11111111111111,0.0
MATAM,Thilogne,--,Poste de santé de Agnam goly,1.0,1.0,0.0,11.11111111111111,11.11111111111111,0.0
MATAM,Thilogne,--,Poste de santé de Agnam lidoubé,1.0,1.0,0.0,11.11111111111111,11.11111111111111,0.0
MATAM,Thilogne,--,Poste de santé de Agnam thiodaye,1.0,1.0,0.0,11.11111111111111,11.11111111111111,0.0
MATAM,Thilogne,--,Poste de santé de Kobilo,1.0,1.0,0.0,11.11111111111111,11.11111111111111,0.0
MATAM,Thilogne,--,Poste de santé de Oréfondé,1.0,1.0,0.0,11.11111111111111,11.11111111111111,0.0
MATAM,Thilogne,--,Poste de santé de Dabia odedji,1.0,1.0,0.0,11.11111111111111,11.11111111111111,0.0
MATAM,KANEL,1,Hopital Ourossogui,1.0,1.0,0.0,9.090909090909092,9.090909090909092,0.0
MATAM,KANEL,--,Centre de santé de kanel,1.0,1.0,0.0,9.090909090909092,9.090909090909092,0.0
MATAM,KANEL,--, Poste de santé de Kanel ,1.0,1.0,0.0,9.090909090909092,9.090909090909092,0.0
MATAM,KANEL,--,Poste de santé de Soringho,1.0,1.0,0.0,9.090909090909092,9.090909090909092,0.0
MATAM,KANEL,--,Poste de santé de Sinthiane,1.0,1.0,0.0,9.090909090909092,9.090909090909092,0.0
MATAM,KANEL,--,Poste de santé de Orkadiéré,1.0,1.0,0.0,9.090909090909092,9.090909090909092,0.0
MATAM,KANEL,--,Poste de santé de Waoundé,1.0,1.0,0.0,9.090909090909092,9.090909090909092,0.0
MATAM,KANEL,--,Poste de santé de Sémmé,1.0,1.0,0.0,9.090909090909092,9.090909090909092,0.0
MATAM,KANEL,--,Poste de santé de hamady ounaré,1.0,1.0,0.0,9.090909090909092,9.090909090909092,0.0
MATAM,KANEL,--,Poste de santé de Sinthiou Bamambé,1.0,1.0,0.0,9.090909090909092,9.090909090909092,0.0
MATAM,KANEL,--,Poste de santé de Ndendory,1.0,1.0,0.0,9.090909090909092,9.090909090909092,0.0
MATAM,RANEROU,1,Centre de santé de Ranérou,1.0,1.0,0.0,14.285714285714286,14.285714285714286,0.0
MATAM,RANEROU,--,Poste de santé de Younouféré,1.0,1.0,0.0,14.285714285714286,14.285714285714286,0.0
MATAM,RANEROU,--,Poste de santé Vélingara- ferlo,1.0,1.0,0.0,14.285714285714286,14.285714285714286,0.0
MATAM,RANEROU,--,Poste de santé de Louguéré Thiolly,1.0,1.0,0.0,14.285714285714286,14.285714285714286,0.0
MATAM,RANEROU,--,Poste de santé de Loumbol Samba Abdoul,1.0,1.0,0.0,14.285714285714286,14.285714285714286,0.0
MATAM,RANEROU,--,Poste de santé de Oudallaye,1.0,1.0,0.0,14.285714285714286,14.285714285714286,0.0
MATAM,RANEROU,--,Poste de santé de Salalatou,1.0,1.0,0.0,14.285714285714286,14.285714285714286,0.0
LOUGA,SAKAL,1,Centre de santé de Sakal,1.0,1.0,0.0,25.0,25.0,0.0
LOUGA,SAKAL,--,Poste de santé de Potou,1.0,1.0,0.0,25.0,25.0,0.0
LOUGA,SAKAL,--,Poste de santé de Léouna,1.0,1.0,0.0,25.0,25.0,0.0
LOUGA,SAKAL,--,Poste de santé de Médina Thiolom,1.0,1.0,0.0,25.0,25.0,0.0
LOUGA,LOUGA,1,Hopital Amadou Mbaye Sakhir LO,1.0,1.0,0.0,12.5,12.5,0.0
LOUGA,LOUGA,--,Centre de Santé de Louga,1.0,1.0,0.0,12.5,12.5,0.0
LOUGA,LOUGA,--,Poste de Santé S.H DIOP S. Louga,1.0,0.0,1.0,12.5,0.0,12.5
LOUGA,LOUGA,--,Poste de Santé de Artellerie,1.0,0.0,1.0,12.5,0.0,12.5
LOUGA,LOUGA,--,Poste de Santé de Santiaba,1.0,0.0,1.0,12.5,0.0,12.5
LOUGA,LOUGA,--,Poste de Santé de Owix rouge,1.0,0.0,1.0,12.5,0.0,12.5
LOUGA,LOUGA,--,Poste de Santé de keur serigne louga Nord,1.0,0.0,1.0,12.5,0.0,12.5
LOUGA,LOUGA,--,Poste de Santé de,1.0,0.0,1.0,12.5,0.0,12.5
LOUGA,LINGUERE,1,Hopital Maguette LO de Linguère,1.0,1.0,0.0,50.0,50.0,0.0
LOUGA,LINGUERE,--,Centre de santé de Mbayang Layti NDIAYE de Linguère,1.0,1.0,0.0,50.0,50.0,0.0
LOUGA,Dahra,1,Centre de santé Elisabeth DIOUF  de Dahra,1.0,1.0,0.0,50.0,50.0,0.0
LOUGA,Dahra,--,Poste de Santé Communal de Dahra,1.0,1.0,0.0,50.0,50.0,0.0
LOUGA,KOKI,1,Centre de santé de Koki,1.0,1.0,0.0,33.333333333333336,33.333333333333336,0.0
LOUGA,KOKI,--,Poste de santé de Thiaméne,1.0,1.0,0.0,33.333333333333336,33.333333333333336,0.0
LOUGA,KOKI,--,Poste de santé de Koki,1.0,1.0,0.0,33.333333333333336,33.333333333333336,0.0
KOLDA,Kolda,1,Centre de santé de Kolda,1.0,1.0,0.0,12.5,12.5,0.0
KOLDA,Kolda,--,Poste de santé Sikolo Est ou Hiléle,1.0,1.0,0.0,12.5,12.5,0.0
KOLDA,Kolda,--,Poste de santé Sikolo Ouest,1.0,1.0,0.0,12.5,12.5,0.0
KOLDA,Kolda,--,Poste de santé Zone de Lycée,1.0,1.0,0.0,12.5,12.5,0.0
KOLDA,Kolda,--,Poste de santé Moussa,1.0,1.0,0.0,12.5,12.5,0.0
KOLDA,Kolda,--,Poste de santé Gadapara,1.0,1.0,0.0,12.5,12.5,0.0
KOLDA,Kolda,--,Poste de santé Sare Yobo Diéga,1.0,1.0,0.0,12.5,12.5,0.0
KOLDA,Kolda,--,Poste de santé Dabo 52 Km,1.0,1.0,0.0,12.5,12.5,0.0
KOLDA,Médina Yoro Foula,1,Poste de Santé Fafacourou   ,1.0,1.0,0.0,16.666666666666668,16.666666666666668,0.0
KOLDA,Médina Yoro Foula,--,Poste de santé Dinguiraye ,1.0,1.0,0.0,16.666666666666668,16.666666666666668,0.0
KOLDA,Médina Yoro Foula,--,Poste de santé Firdawsi ,1.0,1.0,0.0,16.666666666666668,16.666666666666668,0.0
KOLDA,Médina Yoro Foula,--,Poste de santé Medina  Mandah,1.0,1.0,0.0,16.666666666666668,16.666666666666668,0.0
KOLDA,Médina Yoro Foula,--,Poste de santé Ndorna ,1.0,1.0,0.0,16.666666666666668,16.666666666666668,0.0
KOLDA,Médina Yoro Foula,--,Poste de santé Pata ,1.0,1.0,0.0,16.666666666666668,16.666666666666668,0.0
KOLDA,Véllingara,1,Centre de santé Véllingara,1.0,1.0,0.0,8.333333333333334,8.333333333333334,0.0
KOLDA,Véllingara,--,Centre de santé Médina Gounass,1.0,1.0,0.0,8.333333333333334,8.333333333333334,0.0
KOLDA,Véllingara,--,Poste de santé Croix Rouge,1.0,1.0,0.0,8.333333333333334,8.333333333333334,0.0
KOLDA,Véllingara,--,Poste de santé Municipal Ouest ,1.0,1.0,0.0,8.333333333333334,8.333333333333334,0.0
KOLDA,Véllingara,--,Poste de santé Afia,1.0,1.0,0.0,8.333333333333334,8.333333333333334,0.0
KOLDA,Véllingara,--,Poste de santé Médina Gounass,1.0,1.0,0.0,8.333333333333334,8.333333333333334,0.0
KOLDA,Véllingara,--,Poste de Santé Diaobe,1.0,1.0,0.0,8.333333333333334,8.333333333333334,0.0
KOLDA,Véllingara,--,Poste de santé de Kabendou,1.0,1.0,0.0,8.333333333333334,8.333333333333334,0.0
KOLDA,Véllingara,--, Poste de santé de Manda Douane,1.0,1.0,0.0,8.333333333333334,8.333333333333334,0.0
KOLDA,Véllingara,--,Poste de santé Kounkane ,1.0,1.0,0.0,8.333333333333334,8.333333333333334,0.0
KOLDA,Véllingara,--,Poste de santé Pakour,1.0,1.0,0.0,8.333333333333334,8.333333333333334,0.0
KOLDA,Véllingara,--,Poste de santé Sinthiang Koundara 1,1.0,1.0,0.0,8.333333333333334,8.333333333333334,0.0
SEDHIOU,Sédhiou,1,Hopital régional Amadou Tidiane BA,1.0,0.0,1.0,5.2631578947368425,0.0,5.2631578947368425
SEDHIOU,Sédhiou,--,Centre de santé Bambaly,1.0,1.0,0.0,5.2631578947368425,5.2631578947368425,0.0
SEDHIOU,Sédhiou,--,Centre de santé Sédhiou,1.0,1.0,0.0,5.2631578947368425,5.2631578947368425,0.0
SEDHIOU,Sédhiou,--,Poste de santé Bémet Bidjini,1.0,1.0,0.0,5.2631578947368425,5.2631578947368425,0.0
SEDHIOU,Sédhiou,--,Poste de santé de Boudié Samine,1.0,1.0,0.0,5.2631578947368425,5.2631578947368425,0.0
SEDHIOU,Sédhiou,--,Poste de santé de Bouno,1.0,1.0,0.0,5.2631578947368425,5.2631578947368425,0.0
SEDHIOU,Sédhiou,--,Poste de santé de Koussy,1.0,1.0,0.0,5.2631578947368425,5.2631578947368425,0.0
SEDHIOU,Sédhiou,--,Poste de santé de Djiéredji,1.0,1.0,0.0,5.2631578947368425,5.2631578947368425,0.0
SEDHIOU,Sédhiou,--,Poste de santé de Manconomba,1.0,1.0,0.0,5.2631578947368425,5.2631578947368425,0.0
SEDHIOU,Sédhiou,--,Poste de santé de Nguindir,1.0,1.0,0.0,5.2631578947368425,5.2631578947368425,0.0
SEDHIOU,Sédhiou,--,Poste de santé Dembo Coly,1.0,1.0,0.0,5.2631578947368425,5.2631578947368425,0.0
SEDHIOU,Sédhiou,--,Poste de santé de Diana Bah,1.0,1.0,0.0,5.2631578947368425,5.2631578947368425,0.0
SEDHIOU,Sédhiou,--,Poste de Santé Diana Malary,1.0,1.0,0.0,5.2631578947368425,5.2631578947368425,0.0
SEDHIOU,Sédhiou,--,Poste de Santé de Diendé,1.0,1.0,0.0,5.2631578947368425,5.2631578947368425,0.0
SEDHIOU,Sédhiou,--, Poste de Santé Djibabouya,1.0,1.0,0.0,5.2631578947368425,5.2631578947368425,0.0
SEDHIOU,Sédhiou,--,Poste de Santé Marsassoum,1.0,1.0,0.0,5.2631578947368425,5.2631578947368425,0.0
SEDHIOU,Sédhiou,--, Poste de Santé Sansamba,1.0,1.0,0.0,5.2631578947368425,5.2631578947368425,0.0
SEDHIOU,Sédhiou,--, Poste de Santé Singhére,1.0,1.0,0.0,5.2631578947368425,5.2631578947368425,0.0
SEDHIOU,Sédhiou,--,Poste de santé Tourécounda ,1.0,1.0,0.0,5.2631578947368425,5.2631578947368425,0.0
SEDHIOU,GOUDOMP,1,Centre de Santé Goudomp,1.0,1.0,0.0,6.666666666666667,6.666666666666667,0.0
SEDHIOU,GOUDOMP,--,Poste de santé Goudomp,1.0,1.0,0.0,6.666666666666667,6.666666666666667,0.0
SEDHIOU,GOUDOMP,--,Centre de Santé Samine,1.0,1.0,0.0,6.666666666666667,6.666666666666667,0.0
SEDHIOU,GOUDOMP,--,Poste de santé Samine,1.0,0.0,1.0,6.666666666666667,0.0,6.666666666666667
SEDHIOU,GOUDOMP,--,Poste de santé Binako,1.0,1.0,0.0,6.666666666666667,6.666666666666667,0.0
SEDHIOU,GOUDOMP,--,Poste de Santé de Baghere,1.0,1.0,0.0,6.666666666666667,6.666666666666667,0.0
SEDHIOU,GOUDOMP,--,Poste de Santé de Diareng,1.0,1.0,0.0,6.666666666666667,6.666666666666667,0.0
SEDHIOU,GOUDOMP,--,Poste de Santé de Simbandi Balande,1.0,1.0,0.0,6.666666666666667,6.666666666666667,0.0
SEDHIOU,GOUDOMP,--,Poste de santé Diattacounda,1.0,1.0,0.0,6.666666666666667,6.666666666666667,0.0
SEDHIOU,GOUDOMP,--,Poste de santé Djibanar,1.0,1.0,0.0,6.666666666666667,6.666666666666667,0.0
SEDHIOU,GOUDOMP,--, Poste de santé Karantaba,1.0,1.0,0.0,6.666666666666667,6.666666666666667,0.0
SEDHIOU,GOUDOMP,--,Poste de santé Kolibantan,1.0,1.0,0.0,6.666666666666667,6.666666666666667,0.0
SEDHIOU,GOUDOMP,--,Poste de santé Simbadi Birassou,1.0,1.0,0.0,6.666666666666667,6.666666666666667,0.0
SEDHIOU,GOUDOMP,--,Poste de santé Soumacounda,1.0,1.0,0.0,6.666666666666667,6.666666666666667,0.0
SEDHIOU,GOUDOMP,--,Poste de santé de Tanaaf ,1.0,1.0,0.0,6.666666666666667,6.666666666666667,0.0
SEDHIOU,Boukiling,1,Centre de santé de Boukiling,1.0,1.0,0.0,8.333333333333334,8.333333333333334,0.0
SEDHIOU,Boukiling,--,Poste de Santé Bona,1.0,1.0,0.0,8.333333333333334,8.333333333333334,0.0
SEDHIOU,Boukiling,--, Poste de Santé Diacounda,1.0,1.0,0.0,8.333333333333334,8.333333333333334,0.0
SEDHIOU,Boukiling,--, Poste de Santé Diallocounda,1.0,1.0,0.0,8.333333333333334,8.333333333333334,0.0
SEDHIOU,Boukiling,--, Poste de Santé Diaroume,1.0,1.0,0.0,8.333333333333334,8.333333333333334,0.0
SEDHIOU,Boukiling,--, Poste de Santé Diendieme,1.0,1.0,0.0,8.333333333333334,8.333333333333334,0.0
SEDHIOU,Boukiling,--,Poste de santé de Boukiling ,1.0,1.0,0.0,8.333333333333334,8.333333333333334,0.0
SEDHIOU,Boukiling,--,Poste de Santé Faoune,1.0,1.0,0.0,8.333333333333334,8.333333333333334,0.0
SEDHIOU,Boukiling,--,Poste de Santé Ndiamacouta,1.0,1.0,0.0,8.333333333333334,8.333333333333334,0.0
SEDHIOU,Boukiling,--,Poste de Santé Medina Wandifa,1.0,1.0,0.0,8.333333333333334,8.333333333333334,0.0
SEDHIOU,Boukiling,--,Poste de Santé Ndiama,1.0,1.0,0.0,8.333333333333334,8.333333333333334,0.0
ZIGUINCHOR,Ziguinchor,1,Hopital de Paix de Ziguinchor ,1.0,1.0,0.0,7.142857142857143,7.142857142857143,0.0
ZIGUINCHOR,Ziguinchor,--,Hopital régional de Ziguinchor ,1.0,1.0,0.0,7.142857142857143,7.142857142857143,0.0
ZIGUINCHOR,Ziguinchor,--,Poste de santé Adeane,1.0,1.0,0.0,7.142857142857143,7.142857142857143,0.0
ZIGUINCHOR,Ziguinchor,--,Poste de santé Baghagha,1.0,1.0,0.0,7.142857142857143,7.142857142857143,0.0
ZIGUINCHOR,Ziguinchor,--,Poste de santé Colobane,1.0,1.0,0.0,7.142857142857143,7.142857142857143,0.0
ZIGUINCHOR,Ziguinchor,--,Poste de santé PMI escale ,1.0,1.0,0.0,7.142857142857143,7.142857142857143,0.0
ZIGUINCHOR,Ziguinchor,--,Poste de santé Kandé 1,1.0,1.0,0.0,7.142857142857143,7.142857142857143,0.0
ZIGUINCHOR,Ziguinchor,--,Poste de santé Kandé 2,1.0,1.0,0.0,7.142857142857143,7.142857142857143,0.0
ZIGUINCHOR,Ziguinchor,--,Poste de santé Lyndiane,1.0,1.0,0.0,7.142857142857143,7.142857142857143,0.0
ZIGUINCHOR,Ziguinchor,--,Poste de santé Tilene,1.0,1.0,0.0,7.142857142857143,7.142857142857143,0.0
ZIGUINCHOR,Ziguinchor,--,Poste de santé Néma,1.0,1.0,0.0,7.142857142857143,7.142857142857143,0.0
ZIGUINCHOR,Ziguinchor,--,Poste de Santé Diabire ,1.0,1.0,0.0,7.142857142857143,7.142857142857143,0.0
ZIGUINCHOR,Ziguinchor,--,Poste de santé Collette Senghor,1.0,1.0,0.0,7.142857142857143,7.142857142857143,0.0
ZIGUINCHOR,Ziguinchor,--,Poste de santé Niaguis,1.0,1.0,0.0,7.142857142857143,7.142857142857143,0.0
ZIGUINCHOR,OUSSOUYE,1,Centre de Santé Oussouye,1.0,1.0,0.0,12.5,12.5,0.0
ZIGUINCHOR,OUSSOUYE,--, Poste de santé Cabrousse,1.0,1.0,0.0,12.5,12.5,0.0
ZIGUINCHOR,OUSSOUYE,--,Poste de santé Boucotte,1.0,1.0,0.0,12.5,12.5,0.0
ZIGUINCHOR,OUSSOUYE,--,Poste de santé Cap Skirring,1.0,1.0,0.0,12.5,12.5,0.0
ZIGUINCHOR,OUSSOUYE,--,Poste de santé Carabane Ile,1.0,1.0,0.0,12.5,12.5,0.0
ZIGUINCHOR,OUSSOUYE,--,Poste de santé Diembering,1.0,1.0,0.0,12.5,12.5,0.0
ZIGUINCHOR,OUSSOUYE,--,Poste de santé Dpc Mlomp,1.0,1.0,0.0,12.5,12.5,0.0
ZIGUINCHOR,OUSSOUYE,--,Poste de santé Elinkine,1.0,1.0,0.0,12.5,12.5,0.0
ZIGUINCHOR,BIGNONA,1,Centre de santé de Bignona,1.0,1.0,0.0,16.666666666666668,16.666666666666668,0.0
ZIGUINCHOR,BIGNONA,--,Poste de santé de Tenghory T.G,1.0,1.0,0.0,16.666666666666668,16.666666666666668,0.0
ZIGUINCHOR,BIGNONA,--,Poste de santé  de koufintine ,1.0,0.0,1.0,16.666666666666668,0.0,16.666666666666668
ZIGUINCHOR,BIGNONA,--,Poste de santé  de Djinaki ,1.0,0.0,1.0,16.666666666666668,0.0,16.666666666666668
ZIGUINCHOR,BIGNONA,--,Poste de santé Badioncoton,1.0,1.0,0.0,16.666666666666668,16.666666666666668,0.0
ZIGUINCHOR,BIGNONA,--,Poste de santé Manguiline,1.0,1.0,0.0,16.666666666666668,16.666666666666668,0.0
ZIGUINCHOR,DIOULOULOU,1,Centre de santé de Diouloulou ,1.0,1.0,0.0,25.0,25.0,0.0
ZIGUINCHOR,DIOULOULOU,--,Poste de Santé de Djinaki,1.0,1.0,0.0,25.0,25.0,0.0
ZIGUINCHOR,DIOULOULOU,--,Poste de santé de Kafoutine,1.0,1.0,0.0,25.0,25.0,0.0
ZIGUINCHOR,DIOULOULOU,--,Poste de santé de Selety (frontière),1.0,1.0,0.0,25.0,25.0,0.0
ZIGUINCHOR,THIONCK ESSYL,1,Centre de Santé Thionck Essyl,1.0,1.0,0.0,25.0,25.0,0.0
ZIGUINCHOR,THIONCK ESSYL,--,Poste de Santé Mlomp,1.0,1.0,0.0,25.0,25.0,0.0
ZIGUINCHOR,THIONCK ESSYL,--,Poste de Santé Karthiack,1.0,1.0,0.0,25.0,25.0,0.0
ZIGUINCHOR,THIONCK ESSYL,--,Poste de Santé Tendouck,1.0,1.0,0.0,25.0,25.0,0.0
DIOURBEL,Diourbel,1,Poste de santé Elisabeth,1.0,1.0,0.0,14.285714285714286,14.285714285714286,0.0
DIOURBEL,Diourbel,--,Poste de santé Grand Diourbel,1.0,1.0,0.0,14.285714285714286,14.285714285714286,0.0
DIOURBEL,Diourbel,--,Poste de santé de Ndayane,1.0,1.0,0.0,14.285714285714286,14.285714285714286,0.0
DIOURBEL,Diourbel,--,Poste de santé Cheikh Anta Mbacké,1.0,1.0,0.0,14.285714285714286,14.285714285714286,0.0
DIOURBEL,Diourbel,--,Poste de santé Dispensaire Municipal de Médinatoul ,1.0,1.0,0.0,14.285714285714286,14.285714285714286,0.0
DIOURBEL,Diourbel,--,Poste de santé Keur Serigne Mbaye SARR,1.0,1.0,0.0,14.285714285714286,14.285714285714286,0.0
DIOURBEL,Diourbel,--,Poste de santé Croix Rouge,1.0,1.0,0.0,14.285714285714286,14.285714285714286,0.0
DIOURBEL,Touba,1,EPS du Centre Hospitalier National Cheikh Ahmadou Khadim de Touba,1.0,1.0,0.0,6.25,6.25,0.0
DIOURBEL,Touba,--,EPS de Mat Laboul Fawzémi de Touba,1.0,1.0,0.0,6.25,6.25,0.0
DIOURBEL,Touba,--,Centre de santé de Keur Niang,1.0,1.0,0.0,6.25,6.25,0.0
DIOURBEL,Touba,--,Centre de santé de Darou Marnane,1.0,1.0,0.0,6.25,6.25,0.0
DIOURBEL,Touba,--,Centre de Santé Serigne Saliou Mbacké Touba 28,1.0,1.0,0.0,6.25,6.25,0.0
DIOURBEL,Touba,--,Centre de santé de Darou Tanzil,1.0,1.0,0.0,6.25,6.25,0.0
DIOURBEL,Touba,--,Poste de santé de Serigne Sohibou Mbacké,1.0,1.0,0.0,6.25,6.25,0.0
DIOURBEL,Touba,--,Poste de santé de Dialybatou,1.0,1.0,0.0,6.25,6.25,0.0
DIOURBEL,Touba,--,Poste de santé de Sourah,1.0,1.0,0.0,6.25,6.25,0.0
DIOURBEL,Touba,--,Poste de santé Touba Belel,1.0,1.0,0.0,6.25,6.25,0.0
DIOURBEL,Touba,--,Poste de santé de Darou Karim,1.0,1.0,0.0,6.25,6.25,0.0
DIOURBEL,Touba,--,Poste de santé Darou Rahmane,1.0,1.0,0.0,6.25,6.25,0.0
DIOURBEL,Touba,--,Poste de santé Darou Khoudoss,1.0,1.0,0.0,6.25,6.25,0.0
DIOURBEL,Touba,--,Poste de santé Mboussobe,1.0,1.0,0.0,6.25,6.25,0.0
DIOURBEL,Touba,--,Poste de santé Darou Miname/Serigne Bassirou Mbacké,1.0,1.0,0.0,6.25,6.25,0.0
DIOURBEL,Touba,--,Poste de santé de Guidi Bousso,1.0,1.0,0.0,6.25,6.25,0.0
DIOURBEL,Mbacké,1,Centre de santé de Mbacké,1.0,1.0,0.0,16.666666666666668,16.666666666666668,0.0
DIOURBEL,Mbacké,--,Poste de santé de Taif,1.0,1.0,0.0,16.666666666666668,16.666666666666668,0.0
DIOURBEL,Mbacké,--,Poste de santé de Croix Rouge ,1.0,1.0,0.0,16.666666666666668,16.666666666666668,0.0
DIOURBEL,Mbacké,--,Poste de Santé de Sadio,1.0,1.0,0.0,16.666666666666668,16.666666666666668,0.0
DIOURBEL,Mbacké,--,Poste de santé de Mame Seynabou  NDIAYE de Paléne,1.0,1.0,0.0,16.666666666666668,16.666666666666668,0.0
DIOURBEL,Mbacké,--,Poste de santé Mame heikh Anta  Mbaché de Darou Salam,1.0,1.0,0.0,16.666666666666668,16.666666666666668,0.0
DIOURBEL,Bambay,1,Poste de santé de Rex Mao,1.0,1.0,0.0,12.5,12.5,0.0
DIOURBEL,Bambay,--,Poste de santé de Réfane,1.0,1.0,0.0,12.5,12.5,0.0
DIOURBEL,Bambay,--,Poste de santé de Ndondol,1.0,1.0,0.0,12.5,12.5,0.0
DIOURBEL,Bambay,--,Poste de santé de Croix Rouge de Bambey,1.0,1.0,0.0,12.5,12.5,0.0
DIOURBEL,Bambay,--,Poste de santé de Ngoye,1.0,1.0,0.0,12.5,12.5,0.0
DIOURBEL,Bambay,--,Poste de santé de Léona  Nord,1.0,1.0,0.0,12.5,12.5,0.0
DIOURBEL,Bambay,--,Poste de santé derriére la voie feeré,1.0,1.0,0.0,12.5,12.5,0.0
DIOURBEL,Bambay,--,Poste de santé de Bambay sérére,1.0,1.0,0.0,12.5,12.5,0.0
FATICK,Fatick,1,Centre de santé de Fatick,1.0,1.0,0.0,6.25,6.25,0.0
FATICK,Fatick,--,EPS de Adjia Mariéme Faye SALL de Fatick,1.0,1.0,0.0,6.25,6.25,0.0
FATICK,Fatick,--,Poste de santé de Diouroup,1.0,1.0,0.0,6.25,6.25,0.0
FATICK,Fatick,--,Poste de santé de Baccobof,1.0,1.0,0.0,6.25,6.25,0.0
FATICK,Fatick,--,Poste de santé Ngohé Mbadatt,1.0,1.0,0.0,6.25,6.25,0.0
FATICK,Fatick,--,Poste de santé de Mbellite,1.0,1.0,0.0,6.25,6.25,0.0
FATICK,Fatick,--,Poste de santé de Ndiosmone,1.0,1.0,0.0,6.25,6.25,0.0
FATICK,Fatick,--,Poste de santé Ndiongolor,1.0,1.0,0.0,6.25,6.25,0.0
FATICK,Fatick,--,Poste de santé Diohine Public,1.0,1.0,0.0,6.25,6.25,0.0
FATICK,Fatick,--,Poste de santé Diarrére,1.0,1.0,0.0,6.25,6.25,0.0
FATICK,Fatick,--,Poste de santé de Bicole,1.0,1.0,0.0,6.25,6.25,0.0
FATICK,Fatick,--,Poste de santé Emetteur,1.0,1.0,0.0,6.25,6.25,0.0
FATICK,Fatick,--,Poste de Santé de Sobéne,1.0,0.0,1.0,6.25,0.0,6.25
FATICK,Fatick,--,Poste de santé de Fayil,1.0,1.0,0.0,6.25,6.25,0.0
FATICK,Fatick,--,Poste de santé de Tattaguine,1.0,1.0,0.0,6.25,6.25,0.0
FATICK,Fatick,--,Poste de santé Sowane,1.0,1.0,0.0,6.25,6.25,0.0
FATICK,Diofior,1,Poste de santé Faaye,1.0,1.0,0.0,6.25,6.25,0.0
FATICK,Diofior,--,Poste de santé de Djilam Publique,1.0,1.0,0.0,6.25,6.25,0.0
FATICK,Diofior,--,Poste de santé DPC Djilass,1.0,1.0,0.0,6.25,6.25,0.0
FATICK,Diofior,--,Poste de santé de Fimela ,1.0,1.0,0.0,6.25,6.25,0.0
FATICK,Diofior,--,Poste de santé Bayard Ndiodiom,1.0,1.0,0.0,6.25,6.25,0.0
FATICK,Diofior,--,Poste de santé  Marlothie,1.0,1.0,0.0,6.25,6.25,0.0
FATICK,Diofior,--,Poste de santé de Faaye,1.0,1.0,0.0,6.25,6.25,0.0
FATICK,Diofior,--,Poste de santé de Facao,1.0,1.0,0.0,6.25,6.25,0.0
FATICK,Diofior,--,Poste de santé de Yayeme,1.0,1.0,0.0,6.25,6.25,0.0
FATICK,Diofior,--,Poste de santé de Samba Dia,1.0,1.0,0.0,6.25,6.25,0.0
FATICK,Diofior,--,Poste de santé Palmarin Ngallou,1.0,1.0,0.0,6.25,6.25,0.0
FATICK,Diofior,--,Poste de santé de Ndangane Compement,1.0,1.0,0.0,6.25,6.25,0.0
FATICK,Diofior,--,Poste de santé Loul Sesséne,1.0,1.0,0.0,6.25,6.25,0.0
FATICK,Diofior,--,Poste de santé Soudiane Dimlé,1.0,1.0,0.0,6.25,6.25,0.0
FATICK,Diofior,--,Poste de santé Mar Fafacaco,1.0,1.0,0.0,6.25,6.25,0.0
FATICK,Diofior,--,Poste de santé de Simal,1.0,1.0,0.0,6.25,6.25,0.0
FATICK,Ndiakhar,1,Centre de santé de Ndiakhar,1.0,1.0,0.0,8.333333333333334,8.333333333333334,0.0
FATICK,Ndiakhar,--,Poste de santé de Ndiambour sine,1.0,1.0,0.0,8.333333333333334,8.333333333333334,0.0
FATICK,Ndiakhar,--,Poste de santé de Ngayokhéme,1.0,1.0,0.0,8.333333333333334,8.333333333333334,0.0
FATICK,Ndiakhar,--,Poste de santé de Patar,1.0,0.0,1.0,8.333333333333334,0.0,8.333333333333334
FATICK,Ndiakhar,--,Poste de santé de Sagne,1.0,1.0,0.0,8.333333333333334,8.333333333333334,0.0
FATICK,Ndiakhar,--,Poste de santé de Yénguélé,1.0,1.0,0.0,8.333333333333334,8.333333333333334,0.0
FATICK,Ndiakhar,--,Poste de santé de Toucar,1.0,1.0,0.0,8.333333333333334,8.333333333333334,0.0
FATICK,Ndiakhar,--,Poste de santé de Mbadatte,1.0,1.0,0.0,8.333333333333334,8.333333333333334,0.0
FATICK,Ndiakhar,--,Poste de santé de Sorokh,1.0,1.0,0.0,8.333333333333334,8.333333333333334,0.0
FATICK,Ndiakhar,--,Poste de santé de Téllayargouye,1.0,1.0,0.0,8.333333333333334,8.333333333333334,0.0
FATICK,Ndiakhar,--,Poste de santé de Patar sine,1.0,1.0,0.0,8.333333333333334,8.333333333333334,0.0
FATICK,Ndiakhar,--,Poste de santé de Sob,1.0,0.0,1.0,8.333333333333334,0.0,8.333333333333334
FATICK,DIAKHAO,1,Poste de santé de Mbellacadiao,1.0,1.0,0.0,20.0,20.0,0.0
FATICK,DIAKHAO,--,Poste de santé de Diaoulé,1.0,1.0,0.0,20.0,20.0,0.0
FATICK,DIAKHAO,--,Poste de santé de Ndjissaleme,1.0,1.0,0.0,20.0,20.0,0.0
FATICK,DIAKHAO,--,Poste de santé de Ndiob,1.0,1.0,0.0,20.0,20.0,0.0
FATICK,DIAKHAO,--,Poste de santé de Thiaré Ndialgui,1.0,1.0,0.0,20.0,20.0,0.0
FATICK,Gossas,1,Poste de santé de Colobane,1.0,1.0,0.0,11.11111111111111,11.11111111111111,0.0
FATICK,Gossas,--,Poste de santé de Mbar,1.0,1.0,0.0,11.11111111111111,11.11111111111111,0.0
FATICK,Gossas,--,Poste de santé de Ndiéne Lagane,1.0,1.0,0.0,11.11111111111111,11.11111111111111,0.0
FATICK,Gossas,--,Poste de santé de Ouadiour ,1.0,1.0,0.0,11.11111111111111,11.11111111111111,0.0
FATICK,Gossas,--,Poste de santé de Patar Lia,1.0,1.0,0.0,11.11111111111111,11.11111111111111,0.0
FATICK,Gossas,--,Poste de santé de Darou Marnane,1.0,1.0,0.0,11.11111111111111,11.11111111111111,0.0
FATICK,Gossas,--,Poste de santé de Thianaba ,1.0,1.0,0.0,11.11111111111111,11.11111111111111,0.0
FATICK,Gossas,--,Poste de santé de Diabel,1.0,1.0,0.0,11.11111111111111,11.11111111111111,0.0
FATICK,Gossas,--,Poste de santé de Yargouy,1.0,1.0,0.0,11.11111111111111,11.11111111111111,0.0
FATICK,PASSY,1,Centre de santé de Passy,1.0,0.0,1.0,7.142857142857143,0.0,7.142857142857143
FATICK,PASSY,--, Poste de santé Djilor,1.0,1.0,0.0,7.142857142857143,7.142857142857143,0.0
FATICK,PASSY,--,Poste de santé Keur Birane Khoradia,1.0,1.0,0.0,7.142857142857143,7.142857142857143,0.0
FATICK,PASSY,--, Poste de santé Thiaméne Keur Souléye,1.0,1.0,0.0,7.142857142857143,7.142857142857143,0.0
FATICK,PASSY,--, Poste de santé Ndiaye Ndiaye Wolof,1.0,1.0,0.0,7.142857142857143,7.142857142857143,0.0
FATICK,PASSY,--, Poste de santé Diossong,1.0,1.0,0.0,7.142857142857143,7.142857142857143,0.0
FATICK,PASSY,--, Poste de santé Diagane Barka,1.0,1.0,0.0,7.142857142857143,7.142857142857143,0.0
FATICK,PASSY,--,Poste de santé Niassene,1.0,1.0,0.0,7.142857142857143,7.142857142857143,0.0
FATICK,PASSY,--, Poste de Santé Thiamene Diogo,1.0,1.0,0.0,7.142857142857143,7.142857142857143,0.0
FATICK,PASSY,--,Poste de Santé Keur Mor Khoradia,1.0,1.0,0.0,7.142857142857143,7.142857142857143,0.0
FATICK,PASSY,--,Poste de Santé de Ndiassane saloum,1.0,1.0,0.0,7.142857142857143,7.142857142857143,0.0
FATICK,PASSY,--,Poste de Santé de Lérane Coly,1.0,1.0,0.0,7.142857142857143,7.142857142857143,0.0
FATICK,PASSY,--,Poste de Santé Mbowén souleye,1.0,1.0,0.0,7.142857142857143,7.142857142857143,0.0
FATICK,PASSY,--,Poste de santé de Sadioga,1.0,1.0,0.0,7.142857142857143,7.142857142857143,0.0
FATICK,SOKONE,1,Poste de santé communale,1.0,1.0,0.0,4.761904761904762,4.761904761904762,0.0
FATICK,SOKONE,--,Poste de santé de Dassilame,1.0,1.0,0.0,4.761904761904762,4.761904761904762,0.0
FATICK,SOKONE,--,Poste de santé Missirah,1.0,1.0,0.0,4.761904761904762,4.761904761904762,0.0
FATICK,SOKONE,--, Poste de santé Nioro Alassane TALLE,1.0,1.0,0.0,4.761904761904762,4.761904761904762,0.0
FATICK,SOKONE,--,Poste de santé Keur Samba Gueye,1.0,1.0,0.0,4.761904761904762,4.761904761904762,0.0
FATICK,SOKONE,--,Poste de santé de Nemanding,1.0,1.0,0.0,4.761904761904762,4.761904761904762,0.0
FATICK,SOKONE,--,Poste de santé Keur Saloum Diané,1.0,1.0,0.0,4.761904761904762,4.761904761904762,0.0
FATICK,SOKONE,--,Poste de santé Toubacouta,1.0,1.0,0.0,4.761904761904762,4.761904761904762,0.0
FATICK,SOKONE,--,Poste de santé Baria,1.0,1.0,0.0,4.761904761904762,4.761904761904762,0.0
FATICK,SOKONE,--,Poste de santé Béttenty,1.0,1.0,0.0,4.761904761904762,4.761904761904762,0.0
FATICK,SOKONE,--,Poste de santé Bossikang,1.0,1.0,0.0,4.761904761904762,4.761904761904762,0.0
FATICK,SOKONE,--,Poste de santé Coular Socé,1.0,1.0,0.0,4.761904761904762,4.761904761904762,0.0
FATICK,SOKONE,--,Poste de santé de Ngayenne Thiébo,1.0,1.0,0.0,4.761904761904762,4.761904761904762,0.0
FATICK,SOKONE,--,Poste de santé de Keur Amat Seun,1.0,1.0,0.0,4.761904761904762,4.761904761904762,0.0
FATICK,SOKONE,--,Poste de santé de Médina Djikoye,1.0,1.0,0.0,4.761904761904762,4.761904761904762,0.0
FATICK,SOKONE,--,Poste de santé de Némabah,1.0,1.0,0.0,4.761904761904762,4.761904761904762,0.0
FATICK,SOKONE,--,Poste de santé de Pakala,1.0,1.0,0.0,4.761904761904762,4.761904761904762,0.0
FATICK,SOKONE,--,Poste de santé Sokone,1.0,1.0,0.0,4.761904761904762,4.761904761904762,0.0
FATICK,SOKONE,--,Poste de santé Sirmang,1.0,1.0,0.0,4.761904761904762,4.761904761904762,0.0
FATICK,SOKONE,--,Poste de santé de Touba Mouride,1.0,1.0,0.0,4.761904761904762,4.761904761904762,0.0
FATICK,SOKONE,--,Poste de santé Diaglé,1.0,1.0,0.0,4.761904761904762,4.761904761904762,0.0
KAFFRINE,Kaffrine,1,Poste de santé de Kahi,1.0,1.0,0.0,10.0,10.0,0.0
KAFFRINE,Kaffrine,--,Poste de santé de Boulel,1.0,1.0,0.0,10.0,10.0,0.0
KAFFRINE,Kaffrine,--,Poste de santé de Imam Moussa Ndao Kaffrine 2,1.0,1.0,0.0,10.0,10.0,0.0
KAFFRINE,Kaffrine,--,Poste de santé de Santhie Galngoné ,1.0,1.0,0.0,10.0,10.0,0.0
KAFFRINE,Kaffrine,--,Poste de santé de Gniby,1.0,1.0,0.0,10.0,10.0,0.0
KAFFRINE,Kaffrine,--,Poste de santé de Kathiotte,1.0,1.0,0.0,10.0,10.0,0.0
KAFFRINE,Kaffrine,--,Poste de santé de Sorocogne  ,1.0,1.0,0.0,10.0,10.0,0.0
KAFFRINE,Kaffrine,--,Poste de santé de Pathé Thiangaye,1.0,1.0,0.0,10.0,10.0,0.0
KAFFRINE,Kaffrine,--,Poste de santé de Diamagadio,1.0,1.0,0.0,10.0,10.0,0.0
KAFFRINE,Kaffrine,--,Poste de santé de Nganda,1.0,1.0,0.0,10.0,10.0,0.0
KAFFRINE,Malem Hodar,1,Centre de Santé Maléme Hodar,1.0,1.0,0.0,16.666666666666668,16.666666666666668,0.0
KAFFRINE,Malem Hodar,--,Poste de santé de Niahéne,1.0,1.0,0.0,16.666666666666668,16.666666666666668,0.0
KAFFRINE,Malem Hodar,--,Poste de santé de Ndiote Séane,1.0,0.0,1.0,16.666666666666668,0.0,16.666666666666668
KAFFRINE,Malem Hodar,--,Poste de santé de Dianke Souf,1.0,1.0,0.0,16.666666666666668,16.666666666666668,0.0
KAFFRINE,Malem Hodar,--,Poste de santé de Hodar,1.0,1.0,0.0,16.666666666666668,16.666666666666668,0.0
KAFFRINE,Malem Hodar,--,Poste de santé de Ndioum Ngainth,1.0,1.0,0.0,16.666666666666668,16.666666666666668,0.0
KAFFRINE,Birkilane,1,Centre de santé de Birkilane,1.0,1.0,0.0,14.285714285714286,14.285714285714286,0.0
KAFFRINE,Birkilane,--,Poste de santé de Mabo,1.0,1.0,0.0,14.285714285714286,14.285714285714286,0.0
KAFFRINE,Birkilane,--,Poste de santé de Keur Mboucki,1.0,1.0,0.0,14.285714285714286,14.285714285714286,0.0
KAFFRINE,Birkilane,--,Poste de santé de Ngouye,1.0,1.0,0.0,14.285714285714286,14.285714285714286,0.0
KAFFRINE,Birkilane,--,Poste de santé de Diamal,1.0,1.0,0.0,14.285714285714286,14.285714285714286,0.0
KAFFRINE,Birkilane,--,Poste de santé de Keur Pathé,1.0,1.0,0.0,14.285714285714286,14.285714285714286,0.0
KAFFRINE,Birkilane,--,Poste de santé de Wayndé,1.0,1.0,0.0,14.285714285714286,14.285714285714286,0.0
KAFFRINE,Koungheul,1,Centre de santé de Koungheul,1.0,1.0,0.0,20.0,20.0,0.0
KAFFRINE,Koungheul,--,Poste de Santé de Missirah,1.0,1.0,0.0,20.0,20.0,0.0
KAFFRINE,Koungheul,--,Poste de Santé de Lour Escale,1.0,1.0,0.0,20.0,20.0,0.0
KAFFRINE,Koungheul,--,Poste de Santé de Urbain I,1.0,1.0,0.0,20.0,20.0,0.0
KAFFRINE,Koungheul,--,Poste de Santé de Urbain II,1.0,1.0,0.0,20.0,20.0,0.0
KAOLACK,Kaolack,1,Centre de santé de Médina Baye,1.0,1.0,0.0,5.555555555555555,5.555555555555555,0.0
KAOLACK,Kaolack,--,Poste de Santé de Same,1.0,1.0,0.0,5.555555555555555,5.555555555555555,0.0
KAOLACK,Kaolack,--,Poste de Santé de Ndorong,1.0,1.0,0.0,5.555555555555555,5.555555555555555,0.0
KAOLACK,Kaolack,--,Poste de Santé de Abattoirs,1.0,1.0,0.0,5.555555555555555,5.555555555555555,0.0
KAOLACK,Kaolack,--,Poste de Santé de Dya,1.0,1.0,0.0,5.555555555555555,5.555555555555555,0.0
KAOLACK,Kaolack,--,Poste de Santé de Keur Mbagne DIOP,1.0,1.0,0.0,5.555555555555555,5.555555555555555,0.0
KAOLACK,Kaolack,--,Poste de Santé de Kabatoki,1.0,1.0,0.0,5.555555555555555,5.555555555555555,0.0
KAOLACK,Kaolack,--,Poste de Santé de Ndébel,1.0,1.0,0.0,5.555555555555555,5.555555555555555,0.0
KAOLACK,Kaolack,--,Poste de Santé de Ngothie,1.0,1.0,0.0,5.555555555555555,5.555555555555555,0.0
KAOLACK,Kaolack,--,Poste de Santé de Boustane,1.0,1.0,0.0,5.555555555555555,5.555555555555555,0.0
KAOLACK,Kaolack,--,Poste de Santé de Nimzatt,1.0,1.0,0.0,5.555555555555555,5.555555555555555,0.0
KAOLACK,Kaolack,--,Poste de Santé de Gandiaye,1.0,1.0,0.0,5.555555555555555,5.555555555555555,0.0
KAOLACK,Kaolack,--,Poste de Santé de Léona ,1.0,1.0,0.0,5.555555555555555,5.555555555555555,0.0
KAOLACK,Kaolack,--,Poste de Santé de Dialégne,1.0,1.0,0.0,5.555555555555555,5.555555555555555,0.0
KAOLACK,Kaolack,--,Poste de Santé de Sibassor,1.0,1.0,0.0,5.555555555555555,5.555555555555555,0.0
KAOLACK,Kaolack,--,Poste de Santé de Thiomby,1.0,1.0,0.0,5.555555555555555,5.555555555555555,0.0
KAOLACK,Kaolack,--,Poste de Santé de Kahone,1.0,1.0,0.0,5.555555555555555,5.555555555555555,0.0
KAOLACK,Ndoffane,1,Centre de santé de Ndoffane,1.0,1.0,0.0,12.5,12.5,0.0
KAOLACK,Ndoffane,--,Poste de santé de Ndiédieng,1.0,1.0,0.0,12.5,12.5,0.0
KAOLACK,Ndoffane,--,Poste de santé de Keur Socé,1.0,1.0,0.0,12.5,12.5,0.0
KAOLACK,Ndoffane,--,Poste de santé de Koutal,1.0,1.0,0.0,12.5,12.5,0.0
KAOLACK,Ndoffane,--,Poste de santé de Thiaré,1.0,1.0,0.0,12.5,12.5,0.0
KAOLACK,Ndoffane,--,Poste de santé de Latmingue,1.0,1.0,0.0,12.5,12.5,0.0
KAOLACK,Ndoffane,--,Poste de santé de Ndiaffate,1.0,1.0,0.0,12.5,12.5,0.0
KAOLACK,Ndoffane,--,Poste de Santé Ndoffane,1.0,0.0,1.0,12.5,0.0,12.5
KAOLACK,Guinguinéo,1,Centre de santé de Guinguinéo,1.0,1.0,0.0,16.666666666666668,16.666666666666668,0.0
KAOLACK,Guinguinéo,--,Poste de santé de Mbadakhoune,1.0,1.0,0.0,16.666666666666668,16.666666666666668,0.0
KAOLACK,Guinguinéo,--,Poste de santé de Mboss,1.0,1.0,0.0,16.666666666666668,16.666666666666668,0.0
KAOLACK,Guinguinéo,--,Poste de santé de Fass,1.0,1.0,0.0,16.666666666666668,16.666666666666668,0.0
KAOLACK,Guinguinéo,--,Poste de santé de Nguélou,1.0,1.0,0.0,16.666666666666668,16.666666666666668,0.0
KAOLACK,Guinguinéo,--,Poste de santé de Darra Mboss,1.0,1.0,0.0,16.666666666666668,16.666666666666668,0.0
KAOLACK,Nioro du Rip,1,Centre de santé de Nioro,1.0,0.0,1.0,5.2631578947368425,0.0,5.2631578947368425
KAOLACK,Nioro du Rip,--,Poste de santé Darou Salam de Nioro,1.0,0.0,1.0,5.2631578947368425,0.0,5.2631578947368425
KAOLACK,Nioro du Rip,--,Poste de santé Gainthe Kaye,1.0,0.0,1.0,5.2631578947368425,0.0,5.2631578947368425
KAOLACK,Nioro du Rip,--,Poste de Santé de Kayemor,1.0,1.0,0.0,5.2631578947368425,5.2631578947368425,0.0
KAOLACK,Nioro du Rip,--,Poste de Santé de Dingniraye,1.0,1.0,0.0,5.2631578947368425,5.2631578947368425,0.0
KAOLACK,Nioro du Rip,--,Poste de Santé de Keur Madiabel 1,1.0,1.0,0.0,5.2631578947368425,5.2631578947368425,0.0
KAOLACK,Nioro du Rip,--,Poste de Santé de Wakh Ngouna,1.0,1.0,0.0,5.2631578947368425,5.2631578947368425,0.0
KAOLACK,Nioro du Rip,--,Poste de Santé de Keur Maba,1.0,1.0,0.0,5.2631578947368425,5.2631578947368425,0.0
KAOLACK,Nioro du Rip,--,Poste de Santé de Darou Salam Nioro ,1.0,1.0,0.0,5.2631578947368425,5.2631578947368425,0.0
KAOLACK,Nioro du Rip,--,Poste de Santé de Médina Sabakh,1.0,1.0,0.0,5.2631578947368425,5.2631578947368425,0.0
KAOLACK,Nioro du Rip,--,Poste de Santé de Taiba Niasséne,1.0,1.0,0.0,5.2631578947368425,5.2631578947368425,0.0
KAOLACK,Nioro du Rip,--,Poste de Santé de Darou Salam Commune,1.0,1.0,0.0,5.2631578947368425,5.2631578947368425,0.0
KAOLACK,Nioro du Rip,--,Poste de Santé de Porokhane,1.0,1.0,0.0,5.2631578947368425,5.2631578947368425,0.0
KAOLACK,Nioro du Rip,--,Poste de Santé de Keur Ayib,1.0,1.0,0.0,5.2631578947368425,5.2631578947368425,0.0
KAOLACK,Nioro du Rip,--,Poste de Santé de Paoskoto,1.0,1.0,0.0,5.2631578947368425,5.2631578947368425,0.0
KAOLACK,Nioro du Rip,--,Poste de Santé de Gainth Kaye,1.0,1.0,0.0,5.2631578947368425,5.2631578947368425,0.0
KAOLACK,Nioro du Rip,--,Poste de Santé de Ngayene Sabakh,1.0,1.0,0.0,5.2631578947368425,5.2631578947368425,0.0
KAOLACK,Nioro du Rip,--,Poste de Santé de Darou saloum  Communr,1.0,0.0,1.0,5.2631578947368425,0.0,5.2631578947368425
KAOLACK,Nioro du Rip,--,Poste de Santé de Ndrame Escale,1.0,1.0,0.0,5.2631578947368425,5.2631578947368425,0.0
DAKAR,Rufisque,1,Poste de Santé Arafat de Rufisque,1.0,1.0,0.0,7.6923076923076925,7.6923076923076925,0.0
DAKAR,Rufisque,--,Poste de Santé Dial Bass,1.0,1.0,0.0,7.6923076923076925,7.6923076923076925,0.0
DAKAR,Rufisque,--,Poste de Santé Diokoul Kher,1.0,1.0,0.0,7.6923076923076925,7.6923076923076925,0.0
DAKAR,Rufisque,--,Poste de Santé Diokoul Wague,1.0,1.0,0.0,7.6923076923076925,7.6923076923076925,0.0
DAKAR,Rufisque,--,Poste de Santé Dangou,1.0,1.0,0.0,7.6923076923076925,7.6923076923076925,0.0
DAKAR,Rufisque,--,Poste de Santé Diorga,1.0,1.0,0.0,7.6923076923076925,7.6923076923076925,0.0
DAKAR,Rufisque,--,Poste de Santé Fass,1.0,1.0,0.0,7.6923076923076925,7.6923076923076925,0.0
DAKAR,Rufisque,--,Poste de Santé Gouye Mouride,1.0,1.0,0.0,7.6923076923076925,7.6923076923076925,0.0
DAKAR,Rufisque,--,Poste de Santé Hlm de Rufisque,1.0,1.0,0.0,7.6923076923076925,7.6923076923076925,0.0
DAKAR,Rufisque,--, Poste de Santé Keury Souf,1.0,1.0,0.0,7.6923076923076925,7.6923076923076925,0.0
DAKAR,Rufisque,--,Poste de Santé Nimzath,1.0,1.0,0.0,7.6923076923076925,7.6923076923076925,0.0
DAKAR,Rufisque,--,Poste de Santé Thiawléne,1.0,1.0,0.0,7.6923076923076925,7.6923076923076925,0.0
DAKAR,Rufisque,--,Poste de Santé Tacco,1.0,1.0,0.0,7.6923076923076925,7.6923076923076925,0.0
DAKAR,Diamniadio,1,Centre de santé de Bargny,1.0,1.0,0.0,7.6923076923076925,7.6923076923076925,0.0
DAKAR,Diamniadio,--,Poste de Santé Bargny Guedj,1.0,1.0,0.0,7.6923076923076925,7.6923076923076925,0.0
DAKAR,Diamniadio,--,Poste de santé Sési Pouty,1.0,1.0,0.0,7.6923076923076925,7.6923076923076925,0.0
DAKAR,Diamniadio,--,Poste de Santé Ndoyene 1,1.0,1.0,0.0,7.6923076923076925,7.6923076923076925,0.0
DAKAR,Diamniadio,--,Poste de Santé Kip Carriére,1.0,1.0,0.0,7.6923076923076925,7.6923076923076925,0.0
DAKAR,Diamniadio,--,Poste de Santé Missirah,1.0,1.0,0.0,7.6923076923076925,7.6923076923076925,0.0
DAKAR,Diamniadio,--,Poste de Santé Ndiolmane,1.0,1.0,0.0,7.6923076923076925,7.6923076923076925,0.0
DAKAR,Diamniadio,--,Poste de Santé Niangal,1.0,1.0,0.0,7.6923076923076925,7.6923076923076925,0.0
DAKAR,Diamniadio,--,Poste de Santé de la Maternité de Sébikotane,1.0,1.0,0.0,7.6923076923076925,7.6923076923076925,0.0
DAKAR,Diamniadio,--,Poste de Santé Sebikotane,1.0,1.0,0.0,7.6923076923076925,7.6923076923076925,0.0
DAKAR,Diamniadio,--,Poste de Santé Sendou,1.0,1.0,0.0,7.6923076923076925,7.6923076923076925,0.0
DAKAR,Diamniadio,--,Poste de Santé Yene,1.0,1.0,0.0,7.6923076923076925,7.6923076923076925,0.0
DAKAR,Diamniadio,--,EPS1 Youssou Mbargane Diop,1.0,1.0,0.0,7.6923076923076925,7.6923076923076925,0.0
DAKAR,Sangualkame,1,Poste de santé APIX,1.0,1.0,0.0,7.6923076923076925,7.6923076923076925,0.0
DAKAR,Sangualkame,--,Poste de Santé Bambilor,1.0,1.0,0.0,7.6923076923076925,7.6923076923076925,0.0
DAKAR,Sangualkame,--,Poste de santé de DENES Biram NDAO,1.0,1.0,0.0,7.6923076923076925,7.6923076923076925,0.0
DAKAR,Sangualkame,--,Poste de Santé Gorom 1,1.0,1.0,0.0,7.6923076923076925,7.6923076923076925,0.0
DAKAR,Sangualkame,--,Poste de Santé Keur Ndiaye Lo,1.0,1.0,0.0,7.6923076923076925,7.6923076923076925,0.0
DAKAR,Sangualkame,--, Poste de Santé Kounoune,1.0,1.0,0.0,7.6923076923076925,7.6923076923076925,0.0
DAKAR,Sangualkame,--,Poste de santé Lébougui ,1.0,1.0,0.0,7.6923076923076925,7.6923076923076925,0.0
DAKAR,Sangualkame,--,Poste de santé Médina THIOUB,1.0,1.0,0.0,7.6923076923076925,7.6923076923076925,0.0
DAKAR,Sangualkame,--,Poste de Santé Niague,1.0,1.0,0.0,7.6923076923076925,7.6923076923076925,0.0
DAKAR,Sangualkame,--,Poste de Santé Tawfekh,1.0,1.0,0.0,7.6923076923076925,7.6923076923076925,0.0
DAKAR,Sangualkame,--,Poste de Santé Tivaoune Peulh,1.0,1.0,0.0,7.6923076923076925,7.6923076923076925,0.0
DAKAR,Sangualkame,--,Poste de Santé Wayabam,1.0,1.0,0.0,7.6923076923076925,7.6923076923076925,0.0
DAKAR,Sangualkame,--,Poste de Santé Niacoulrab,1.0,1.0,0.0,7.6923076923076925,7.6923076923076925,0.0
DAKAR,Pikine,1, Poste de Santé Dalifort,1.0,1.0,0.0,8.333333333333334,8.333333333333334,0.0
DAKAR,Pikine,--,Poste de Santé Guinaw Rail Sud,1.0,1.0,0.0,8.333333333333334,8.333333333333334,0.0
DAKAR,Pikine,--,Poste de Santé Guinaw Rail Nord,1.0,1.0,0.0,8.333333333333334,8.333333333333334,0.0
DAKAR,Pikine,--,Poste de Santé Municipal 2,1.0,1.0,0.0,8.333333333333334,8.333333333333334,0.0
DAKAR,Pikine,--,Poste de santé Pepiniere,1.0,1.0,0.0,8.333333333333334,8.333333333333334,0.0
DAKAR,Pikine,--,Poste de Santé Santa Yalla,1.0,1.0,0.0,8.333333333333334,8.333333333333334,0.0
DAKAR,Pikine,--,Poste de Santé Daroukhoudosse,1.0,0.0,1.0,8.333333333333334,0.0,8.333333333333334
DAKAR,Pikine,--,Poste de Santé Déggo,1.0,0.0,1.0,8.333333333333334,0.0,8.333333333333334
DAKAR,Pikine,--,Poste de Santé IPS,1.0,0.0,1.0,8.333333333333334,0.0,8.333333333333334
DAKAR,Pikine,--,Poste de Santé Khourounar,1.0,0.0,1.0,8.333333333333334,0.0,8.333333333333334
DAKAR,Pikine,--,Poste de Santé Diack Sao,1.0,0.0,1.0,8.333333333333334,0.0,8.333333333333334
DAKAR,Pikine,--,Poste de Santé Croix Rouge,1.0,0.0,1.0,8.333333333333334,0.0,8.333333333333334
DAKAR,Keur Massar,1,Poste de Santé Aladji Pathé,1.0,1.0,0.0,11.11111111111111,11.11111111111111,0.0
DAKAR,Keur Massar,--, Poste de Santé Boune,1.0,1.0,0.0,11.11111111111111,11.11111111111111,0.0
DAKAR,Keur Massar,--,Poste de Santé Fatou BA,1.0,1.0,0.0,11.11111111111111,11.11111111111111,0.0
DAKAR,Keur Massar,--, Poste de Santé Jaxaaye,1.0,1.0,0.0,11.11111111111111,11.11111111111111,0.0
DAKAR,Keur Massar,--, Poste de Santé Keur Massar Village,1.0,1.0,0.0,11.11111111111111,11.11111111111111,0.0
DAKAR,Keur Massar,--,Poste de Santé Malicka,1.0,1.0,0.0,11.11111111111111,11.11111111111111,0.0
DAKAR,Keur Massar,--,Poste de Santé Malicka Sonatel,1.0,1.0,0.0,11.11111111111111,11.11111111111111,0.0
DAKAR,Keur Massar,--, Poste de Santé Mame Dior,1.0,1.0,0.0,11.11111111111111,11.11111111111111,0.0
DAKAR,Keur Massar,--,Poste de Santé Parcelle Assainie Keur Massar,1.0,1.0,0.0,11.11111111111111,11.11111111111111,0.0
DAKAR,Yembeul,1,Centre de Santé yeumbeul,1.0,1.0,0.0,12.5,12.5,0.0
DAKAR,Yembeul,--,Poste de Santé Yeumbeul Sud,1.0,1.0,0.0,12.5,12.5,0.0
DAKAR,Yembeul,--,Poste de Santé Aïnoumady Sotrac,1.0,1.0,0.0,12.5,12.5,0.0
DAKAR,Yembeul,--,Poste de Santé cheikh Sidate Fall,1.0,1.0,0.0,12.5,12.5,0.0
DAKAR,Yembeul,--,Poste de Santé Darou Rahmane 2,1.0,1.0,0.0,12.5,12.5,0.0
DAKAR,Yembeul,--,Poste de Santé Darou Salam 6,1.0,1.0,0.0,12.5,12.5,0.0
DAKAR,Yembeul,--,Poste de Santé Thiaroye Miname,1.0,1.0,0.0,12.5,12.5,0.0
DAKAR,Yembeul,--,Poste de Santé Yeumbeul Diamalaye,1.0,1.0,0.0,12.5,12.5,0.0
DAKAR,Mbao,1, Poste de Santé darou salam Capec,1.0,1.0,0.0,10.0,10.0,0.0
DAKAR,Mbao,--,Poste de Santé Diamaguene de Mbao,1.0,1.0,0.0,10.0,10.0,0.0
DAKAR,Mbao,--,Poste de Santé EL.H. Moustapha Gueye de Diameguene Diack Sao,1.0,1.0,0.0,10.0,10.0,0.0
DAKAR,Mbao,--, Poste de Santé Fass Mbao,1.0,1.0,0.0,10.0,10.0,0.0
DAKAR,Mbao,--,Poste de Santé Grand Mbao,1.0,1.0,0.0,10.0,10.0,0.0
DAKAR,Mbao,--,Poste de Santé Mbao Gare,1.0,1.0,0.0,10.0,10.0,0.0
DAKAR,Mbao,--,Poste de Santé Nassroulaye,1.0,1.0,0.0,10.0,10.0,0.0
DAKAR,Mbao,--,Poste de Santé Taïf de Mbao,1.0,1.0,0.0,10.0,10.0,0.0
DAKAR,Mbao,--,Poste de Santé Thiaroye Gare,1.0,1.0,0.0,10.0,10.0,0.0
DAKAR,Mbao,--,Poste de Santé Thiaroye sur Mer,1.0,1.0,0.0,10.0,10.0,0.0
DAKAR,Dakar-Ouest,1,EPS2 Hopital militaire de Ouakam,1.0,0.0,1.0,12.5,0.0,12.5
DAKAR,Dakar-Ouest,--,Centre de santé Mbaye d'Erneville,1.0,1.0,0.0,12.5,12.5,0.0
DAKAR,Dakar-Ouest,--,Poste de Santé YOFF - APECSY,1.0,1.0,0.0,12.5,12.5,0.0
DAKAR,Dakar-Ouest,--,Poste de Santé Communautaire De YOFF -  Tonghor,1.0,1.0,0.0,12.5,12.5,0.0
DAKAR,Dakar-Ouest,--,Poste de Santé  YOFF - Diamalaye,1.0,1.0,0.0,12.5,12.5,0.0
DAKAR,Dakar-Ouest,--,Poste de Santé de Cheikh Aboubacar Sadick Mbengue de Mermoz,1.0,1.0,0.0,12.5,12.5,0.0
DAKAR,Dakar-Ouest,--, Poste de Santé  Ousmane  Diamé de la Cité Avion Ouakam,1.0,1.0,0.0,12.5,12.5,0.0
DAKAR,Dakar-Ouest,--,Poste de Santé Yoff,1.0,1.0,0.0,12.5,12.5,0.0
DAKAR,Dakar-Centre,1,EPS3 Fann,1.0,0.0,1.0,11.11111111111111,0.0,11.11111111111111
DAKAR,Dakar-Centre,--,EPS3 Albert Royer,1.0,0.0,1.0,11.11111111111111,0.0,11.11111111111111
DAKAR,Dakar-Centre,--,Centre de Santé Mamadou Diop de Liberté VI,1.0,1.0,0.0,11.11111111111111,11.11111111111111,0.0
DAKAR,Dakar-Centre,--,Poste de Santé Bourguiba,1.0,1.0,0.0,11.11111111111111,11.11111111111111,0.0
DAKAR,Dakar-Centre,--,Poste de Santé Derkle,1.0,1.0,0.0,11.11111111111111,11.11111111111111,0.0
DAKAR,Dakar-Centre,--,Poste de Santé Fann Hock,1.0,1.0,0.0,11.11111111111111,11.11111111111111,0.0
DAKAR,Dakar-Centre,--,Poste de Santé Hann Village,1.0,1.0,0.0,11.11111111111111,11.11111111111111,0.0
DAKAR,Dakar-Centre,--, Poste de Santé Hanne sur Mer,1.0,1.0,0.0,11.11111111111111,11.11111111111111,0.0
DAKAR,Dakar-Centre,--,Poste de Santé Liberté 6,1.0,1.0,0.0,11.11111111111111,11.11111111111111,0.0
DAKAR,Dakar-Nord,1,Centre de santé Hyacinthe Thiandoum,1.0,0.0,1.0,7.142857142857143,0.0,7.142857142857143
DAKAR,Dakar-Nord,--,Centre de santé Grand-Yoff,1.0,0.0,1.0,7.142857142857143,0.0,7.142857142857143
DAKAR,Dakar-Nord,--,Poste de Santé Camberene 2,1.0,0.0,1.0,7.142857142857143,0.0,7.142857142857143
DAKAR,Dakar-Nord,--,Poste de Santé Grand Medine,1.0,0.0,1.0,7.142857142857143,0.0,7.142857142857143
DAKAR,Dakar-Nord,--,Poste de Santé Grand Yoff I,1.0,0.0,1.0,7.142857142857143,0.0,7.142857142857143
DAKAR,Dakar-Nord,--, Poste de Santé Grand Yoff II,1.0,1.0,0.0,7.142857142857143,7.142857142857143,0.0
DAKAR,Dakar-Nord,--,Poste de Santé Hlm Grand Yoff,1.0,1.0,0.0,7.142857142857143,7.142857142857143,0.0
DAKAR,Dakar-Nord,--,Poste de santé Khar Yalla,1.0,1.0,0.0,7.142857142857143,7.142857142857143,0.0
DAKAR,Dakar-Nord,--,Poste de Santé Norade,1.0,0.0,1.0,7.142857142857143,0.0,7.142857142857143
DAKAR,Dakar-Nord,--,Poste de Santé Socioculturel Municipal P.A,1.0,0.0,1.0,7.142857142857143,0.0,7.142857142857143
DAKAR,Dakar-Nord,--,Poste de Santé Unité 16,1.0,1.0,0.0,7.142857142857143,7.142857142857143,0.0
DAKAR,Dakar-Nord,--, Poste de Santé Unite 26,1.0,1.0,0.0,7.142857142857143,7.142857142857143,0.0
DAKAR,Dakar-Nord,--, Poste de Santé Unite 8,1.0,0.0,1.0,7.142857142857143,0.0,7.142857142857143
DAKAR,Dakar-Nord,--,Poste de Santé Unite 9,1.0,1.0,0.0,7.142857142857143,7.142857142857143,0.0
DAKAR,Dakar-Sud,1,EPS1 Institut Hygiene Sociale (Polyclinique),1.0,1.0,0.0,100.0,100.0,0.0
DAKAR,Guediawaye,1,Poste de Santé Parcelles Ass U 4,1.0,1.0,0.0,8.333333333333334,8.333333333333334,0.0
DAKAR,Guediawaye,--,Poste de Santé HLM Paris / Croix Rouge,1.0,1.0,0.0,8.333333333333334,8.333333333333334,0.0
DAKAR,Guediawaye,--,Poste de Santé Daroukhane,1.0,1.0,0.0,8.333333333333334,8.333333333333334,0.0
DAKAR,Guediawaye,--,Poste de Santé Fith Mith de la commune de Golf - Sud,1.0,1.0,0.0,8.333333333333334,8.333333333333334,0.0
DAKAR,Guediawaye,--,Poste de Santé Golf - Sud,1.0,1.0,0.0,8.333333333333334,8.333333333333334,0.0
DAKAR,Guediawaye,--,Poste de Santé Hamo V,1.0,1.0,0.0,8.333333333333334,8.333333333333334,0.0
DAKAR,Guediawaye,--,Poste de Santé Hamo Tefesse,1.0,1.0,0.0,8.333333333333334,8.333333333333334,0.0
DAKAR,Guediawaye,--,Poste de Santé HLM Las Palmas,1.0,1.0,0.0,8.333333333333334,8.333333333333334,0.0
DAKAR,Guediawaye,--,Poste de Santé Médina Gounass,1.0,1.0,0.0,8.333333333333334,8.333333333333334,0.0
DAKAR,Guediawaye,--,Poste de Santé Municipal 3,1.0,1.0,0.0,8.333333333333334,8.333333333333334,0.0
DAKAR,Guediawaye,--,Poste de Santé Nimzatt,1.0,1.0,0.0,8.333333333333334,8.333333333333334,0.0
DAKAR,Guediawaye,--,Poste de Santé Darourahmane,1.0,1.0,0.0,8.333333333333334,8.333333333333334,0.0
